[
  {
	"items": 5,
	"address": "Avenida dos Autonomistas, 3000, Osasco, São Paulo",
	"total": 38,
	"date": "25 de fevereiro de 2020"
  },
  {
	"items": 6,
	"address": "Avenida dos Autonomistas, 3001, Osasco, São Paulo",
	"total": 40,
	"date": "26 de fevereiro de 2020"
  },
  {
	"items": 7,
	"address": "Avenida dos Autonomistas, 3002, Osasco, São Paulo",
	"total": 40,
	"date": "26 de fevereiro de 2020"
  },
  {
	"items": 8,
	"address": "Avenida dos Autonomistas, 3003, Osasco, São Paulo",
	"total": 40,
	"date": "26 de fevereiro de 2020"
  },
  {
	"items": 9,
	"address": "Avenida dos Autonomistas, 3004, Osasco, São Paulo",
	"total": 40,
	"date": "26 de fevereiro de 2020"
  },
  {
	"items": 10,
	"address": "Avenida dos Autonomistas, 3005, Osasco, São Paulo",
	"total": 40,
	"date": "26 de fevereiro de 2020"
  },
  {
	"items": 11,
	"address": "Avenida dos Autonomistas, 3006, Osasco, São Paulo",
	"total": 40,
	"date": "26 de fevereiro de 2020"
  }
]
