{
  "results": [
    {
      "gender": "female",
      "name": {
        "title": "miss",
        "first": "valesca",
        "last": "mendes"
      },
      "location": {
        "street": "2107 rua são josé ",
        "city": "cotia",
        "state": "paraíba",
        "postcode": 23910
      },
      "email": "valesca.mendes@example.com",
      "login": {
        "username": "browncat964",
        "password": "lemons",
        "salt": "cuKHRu3n",
        "md5": "883c446220fc95fe973874e2fe9c940a",
        "sha1": "b7860e845bf34fbb16dbc6a92e2c278a6ebca7a1",
        "sha256": "3b17b871e2d2143e98c4d331d67561f42d2d385f4572d5b9c6597ef35f282c7d"
      },
      "dob": "1954-08-22 09:05:35",
      "registered": "2006-09-02 06:22:44",
      "phone": "(09) 6964-0639",
      "cell": "(26) 1666-0004",
      "id": {
        "name": "",
        "value": null
      },
      "picture": {
        "large": "https://randomuser.me/api/portraits/women/91.jpg",
        "medium": "https://randomuser.me/api/portraits/med/women/91.jpg",
        "thumbnail": "https://randomuser.me/api/portraits/thumb/women/91.jpg"
      },
      "nat": "BR"
    },
    {
      "gender": "male",
      "name": {
        "title": "mr",
        "first": "hunter",
        "last": "weaver"
      },
      "location": {
        "street": "8087 church street",
        "city": "belfast",
        "state": "durham",
        "postcode": "VK5J 4UF"
      },
      "email": "hunter.weaver@example.com",
      "login": {
        "username": "greenleopard887",
        "password": "bummer",
        "salt": "c3gTNXdi",
        "md5": "9dff0ff47dc1d36a865d68fd5fd9a687",
        "sha1": "0cf50fd9d5b9c9ebdef067ef8451efd0d4c8bf99",
        "sha256": "aa354ca2b0394aa31e4553eb5ef0c53a2fbbeec395a220237180f28105d946d4"
      },
      "dob": "1992-05-30 05:49:17",
      "registered": "2013-11-24 00:50:46",
      "phone": "025 3348 1476",
      "cell": "0787-802-745",
      "id": {
        "name": "NINO",
        "value": "LT 45 18 41 P"
      },
      "picture": {
        "large": "https://randomuser.me/api/portraits/men/42.jpg",
        "medium": "https://randomuser.me/api/portraits/med/men/42.jpg",
        "thumbnail": "https://randomuser.me/api/portraits/thumb/men/42.jpg"
      },
      "nat": "GB"
    },
    {
      "gender": "male",
      "name": {
        "title": "monsieur",
        "first": "loan",
        "last": "dupont"
      },
      "location": {
        "street": "5021 rue de cuire",
        "city": "chapelle-sur-moudon",
        "state": "basel-stadt",
        "postcode": 9461
      },
      "email": "loan.dupont@example.com",
      "login": {
        "username": "ticklishgoose526",
        "password": "hotshot",
        "salt": "6eXC7fr1",
        "md5": "a98ec4915a95ad1348e71b2502b3f1c9",
        "sha1": "4fc45d17e7049459dc20944f4b419f4199813f4f",
        "sha256": "0a25f3262ab07ad201874762dcff763e1d8e1e056f5effa04ec4bc6c7ccefc65"
      },
      "dob": "1961-08-04 08:38:23",
      "registered": "2013-09-02 23:04:56",
      "phone": "(020)-509-5221",
      "cell": "(693)-504-5417",
      "id": {
        "name": "AVS",
        "value": "756.UXWY.IOOT.81"
      },
      "picture": {
        "large": "https://randomuser.me/api/portraits/men/41.jpg",
        "medium": "https://randomuser.me/api/portraits/med/men/41.jpg",
        "thumbnail": "https://randomuser.me/api/portraits/thumb/men/41.jpg"
      },
      "nat": "CH"
    },
    {
      "gender": "female",
      "name": {
        "title": "madame",
        "first": "eve",
        "last": "schmitt"
      },
      "location": {
        "street": "8158 rue de l'abbé-carton",
        "city": "clarmont",
        "state": "schwyz",
        "postcode": 3122
      },
      "email": "eve.schmitt@example.com",
      "login": {
        "username": "greenmouse681",
        "password": "spike1",
        "salt": "WertXcYO",
        "md5": "93e51d76f6465b1caacb3f585156943a",
        "sha1": "2f690619f0788ce508f252a0621f310357e41868",
        "sha256": "5f8486e151c3441d13a35df244f4d21a01f004b1db93d7d440686f2241897d40"
      },
      "dob": "1956-08-05 06:06:22",
      "registered": "2012-08-26 05:43:02",
      "phone": "(132)-702-2083",
      "cell": "(361)-531-3072",
      "id": {
        "name": "AVS",
        "value": "756.QHWU.ZGES.74"
      },
      "picture": {
        "large": "https://randomuser.me/api/portraits/women/1.jpg",
        "medium": "https://randomuser.me/api/portraits/med/women/1.jpg",
        "thumbnail": "https://randomuser.me/api/portraits/thumb/women/1.jpg"
      },
      "nat": "CH"
    },
    {
      "gender": "female",
      "name": {
        "title": "ms",
        "first": "یسنا",
        "last": "احمدی"
      },
      "location": {
        "street": "3415 شهید کشواد",
        "city": "رشت",
        "state": "بوشهر",
        "postcode": 65353
      },
      "email": "یسنا.احمدی@example.com",
      "login": {
        "username": "blacksnake811",
        "password": "chip",
        "salt": "FRCOlPtW",
        "md5": "1fcb2d4fcc20f5ceef9707a7d343033c",
        "sha1": "31e75ced16c27a49a1873d46a591563a8504cf62",
        "sha256": "13ff79a68b5de5dceb8ce8e1703724ac5815b6f27924ef77b8f8383bafb718d3"
      },
      "dob": "1961-10-27 07:08:45",
      "registered": "2002-12-20 03:21:13",
      "phone": "006-27438488",
      "cell": "0975-369-9561",
      "id": {
        "name": "",
        "value": null
      },
      "picture": {
        "large": "https://randomuser.me/api/portraits/women/5.jpg",
        "medium": "https://randomuser.me/api/portraits/med/women/5.jpg",
        "thumbnail": "https://randomuser.me/api/portraits/thumb/women/5.jpg"
      },
      "nat": "IR"
    },
    {
      "gender": "female",
      "name": {
        "title": "miss",
        "first": "viivi",
        "last": "keranen"
      },
      "location": {
        "street": "5911 itsenäisyydenkatu",
        "city": "punkalaidun",
        "state": "southern savonia",
        "postcode": 24270
      },
      "email": "viivi.keranen@example.com",
      "login": {
        "username": "lazypeacock416",
        "password": "megan",
        "salt": "M4rZV5vU",
        "md5": "959e5f6cefd6b92520024b48364a969c",
        "sha1": "3992b4138f7e0bed2d745df5984826e78de536aa",
        "sha256": "4283119b14dd74f34f4a1b4437fa41202e7bc15e2c23e0d4b8ad2b6ca34ba856"
      },
      "dob": "1958-06-02 22:59:29",
      "registered": "2007-10-12 16:03:09",
      "phone": "06-731-463",
      "cell": "040-036-68-58",
      "id": {
        "name": "HETU",
        "value": "658-1366"
      },
      "picture": {
        "large": "https://randomuser.me/api/portraits/women/17.jpg",
        "medium": "https://randomuser.me/api/portraits/med/women/17.jpg",
        "thumbnail": "https://randomuser.me/api/portraits/thumb/women/17.jpg"
      },
      "nat": "FI"
    },
    {
      "gender": "male",
      "name": {
        "title": "mr",
        "first": "ryan",
        "last": "richards"
      },
      "location": {
        "street": "2016 o'connell avenue",
        "city": "killarney",
        "state": "donegal",
        "postcode": 32985
      },
      "email": "ryan.richards@example.com",
      "login": {
        "username": "organicgoose979",
        "password": "andrea1",
        "salt": "8nNuqAEW",
        "md5": "a77837f2219f15bbb36e5ba557998ae4",
        "sha1": "1120d001f385675a7fd2aa1cdcac53cfe619ee6d",
        "sha256": "5fd863779b89b4b76d5a2bc129682ddca32248ad9abe7586419b13a4df91fc43"
      },
      "dob": "1952-11-27 22:44:48",
      "registered": "2008-01-31 21:51:13",
      "phone": "011-165-4490",
      "cell": "081-297-0023",
      "id": {
        "name": "PPS",
        "value": "0845602T"
      },
      "picture": {
        "large": "https://randomuser.me/api/portraits/men/19.jpg",
        "medium": "https://randomuser.me/api/portraits/med/men/19.jpg",
        "thumbnail": "https://randomuser.me/api/portraits/thumb/men/19.jpg"
      },
      "nat": "IE"
    },
    {
      "gender": "male",
      "name": {
        "title": "mr",
        "first": "ronaldo",
        "last": "dias"
      },
      "location": {
        "street": "3418 rua alagoas ",
        "city": "hortolândia",
        "state": "alagoas",
        "postcode": 36966
      },
      "email": "ronaldo.dias@example.com",
      "login": {
        "username": "ticklishfrog450",
        "password": "gunner",
        "salt": "wzxoqTum",
        "md5": "0dd13f2d40ab19dacb575e2e999b8995",
        "sha1": "6ef09c7ce39796da7dac9a13fda2b3bf661b2a99",
        "sha256": "03543e282eac2761a4dd6047777e5cbcc4ece06113d708f4fb447a306aa4e01f"
      },
      "dob": "1963-08-14 23:11:03",
      "registered": "2005-02-28 16:56:49",
      "phone": "(70) 1301-6197",
      "cell": "(21) 4404-2290",
      "id": {
        "name": "",
        "value": null
      },
      "picture": {
        "large": "https://randomuser.me/api/portraits/men/8.jpg",
        "medium": "https://randomuser.me/api/portraits/med/men/8.jpg",
        "thumbnail": "https://randomuser.me/api/portraits/thumb/men/8.jpg"
      },
      "nat": "BR"
    },
    {
      "gender": "female",
      "name": {
        "title": "ms",
        "first": "liena",
        "last": "bruin"
      },
      "location": {
        "street": "6149 prins hendriklaan",
        "city": "leerdam",
        "state": "flevoland",
        "postcode": 99810
      },
      "email": "liena.bruin@example.com",
      "login": {
        "username": "organicmouse892",
        "password": "dharma",
        "salt": "agtxkoqh",
        "md5": "634970634f507b026351c4a5be3a8909",
        "sha1": "fd002c342164a49e4cd438da34e2fa4053506eb2",
        "sha256": "178494b29c715c7b8a32ed4414c1985b0b4762502a9a166edaccb59627d58cda"
      },
      "dob": "1959-05-11 16:00:20",
      "registered": "2008-11-24 22:23:53",
      "phone": "(737)-276-7457",
      "cell": "(384)-842-9216",
      "id": {
        "name": "BSN",
        "value": "72247784"
      },
      "picture": {
        "large": "https://randomuser.me/api/portraits/women/62.jpg",
        "medium": "https://randomuser.me/api/portraits/med/women/62.jpg",
        "thumbnail": "https://randomuser.me/api/portraits/thumb/women/62.jpg"
      },
      "nat": "NL"
    },
    {
      "gender": "female",
      "name": {
        "title": "ms",
        "first": "ronja",
        "last": "koskinen"
      },
      "location": {
        "street": "1292 satakennankatu",
        "city": "vantaa",
        "state": "kainuu",
        "postcode": 37702
      },
      "email": "ronja.koskinen@example.com",
      "login": {
        "username": "lazyduck833",
        "password": "turbo1",
        "salt": "IklbJvxK",
        "md5": "5a3a44abc29658e7dcfba290a28703a0",
        "sha1": "cb1c1cdeca0358e3953542852bbcba266e9c7bd2",
        "sha256": "28ee35aa04b43e61c1b169fb9101664d1fcd48a3ad519cbdf9791d6004666dc7"
      },
      "dob": "1948-07-22 07:24:18",
      "registered": "2008-06-04 18:13:16",
      "phone": "07-026-065",
      "cell": "049-601-84-10",
      "id": {
        "name": "HETU",
        "value": "1048-7643"
      },
      "picture": {
        "large": "https://randomuser.me/api/portraits/women/81.jpg",
        "medium": "https://randomuser.me/api/portraits/med/women/81.jpg",
        "thumbnail": "https://randomuser.me/api/portraits/thumb/women/81.jpg"
      },
      "nat": "FI"
    },
    {
      "gender": "female",
      "name": {
        "title": "miss",
        "first": "luisa",
        "last": "ruiz"
      },
      "location": {
        "street": "8471 avenida de castilla",
        "city": "gijón",
        "state": "castilla la mancha",
        "postcode": 21189
      },
      "email": "luisa.ruiz@example.com",
      "login": {
        "username": "bigpeacock386",
        "password": "emmett",
        "salt": "4ZFUn4MX",
        "md5": "ac681bcb914361ec806661e9238479df",
        "sha1": "e42a1ceca901cc20d548d5763d7e3ad4dd6764ec",
        "sha256": "0f12f809c3b52e08b17b2b095e72eb53ee4847fee3a2264f3324aad2b815693c"
      },
      "dob": "1981-01-16 08:39:57",
      "registered": "2013-01-31 19:11:46",
      "phone": "954-482-350",
      "cell": "650-169-111",
      "id": {
        "name": "DNI",
        "value": "80558934-U"
      },
      "picture": {
        "large": "https://randomuser.me/api/portraits/women/17.jpg",
        "medium": "https://randomuser.me/api/portraits/med/women/17.jpg",
        "thumbnail": "https://randomuser.me/api/portraits/thumb/women/17.jpg"
      },
      "nat": "ES"
    },
    {
      "gender": "male",
      "name": {
        "title": "mr",
        "first": "same",
        "last": "little"
      },
      "location": {
        "street": "6685 grange road",
        "city": "dundee",
        "state": "surrey",
        "postcode": "W7B 1HT"
      },
      "email": "same.little@example.com",
      "login": {
        "username": "goldenswan391",
        "password": "eleanor",
        "salt": "wsEOKyxV",
        "md5": "4cdf30a6019a0381582494d0049512fb",
        "sha1": "8f9d7416c87d9bb24aab518f9637e64b5290a19e",
        "sha256": "b89b1d08742d4cbb74fd54ece1d44ce9d81784a700de3f68c70e4504fa7ddad7"
      },
      "dob": "1949-03-23 16:01:46",
      "registered": "2004-06-13 09:21:42",
      "phone": "015396 46012",
      "cell": "0746-985-190",
      "id": {
        "name": "NINO",
        "value": "ZE 46 51 02 Z"
      },
      "picture": {
        "large": "https://randomuser.me/api/portraits/men/84.jpg",
        "medium": "https://randomuser.me/api/portraits/med/men/84.jpg",
        "thumbnail": "https://randomuser.me/api/portraits/thumb/men/84.jpg"
      },
      "nat": "GB"
    },
    {
      "gender": "male",
      "name": {
        "title": "mr",
        "first": "toivo",
        "last": "ollila"
      },
      "location": {
        "street": "1473 rotuaari",
        "city": "ii",
        "state": "central ostrobothnia",
        "postcode": 73230
      },
      "email": "toivo.ollila@example.com",
      "login": {
        "username": "whitelion580",
        "password": "partner",
        "salt": "Ea7hZn1F",
        "md5": "c616b397400be45a8a1140f8a1e7287e",
        "sha1": "49581be9b1a15573f614e865a13a6fdbea43714f",
        "sha256": "379dd73e6c1acdeec24a528916db4620f46060199a7cbf17157194b393cfcb77"
      },
      "dob": "1949-12-20 18:00:28",
      "registered": "2014-07-16 11:35:36",
      "phone": "04-124-691",
      "cell": "044-081-52-58",
      "id": {
        "name": "HETU",
        "value": "1349-763R"
      },
      "picture": {
        "large": "https://randomuser.me/api/portraits/men/23.jpg",
        "medium": "https://randomuser.me/api/portraits/med/men/23.jpg",
        "thumbnail": "https://randomuser.me/api/portraits/thumb/men/23.jpg"
      },
      "nat": "FI"
    },
    {
      "gender": "female",
      "name": {
        "title": "miss",
        "first": "liske",
        "last": "maria"
      },
      "location": {
        "street": "4470 croeselaan",
        "city": "oirschot",
        "state": "friesland",
        "postcode": 63308
      },
      "email": "liske.maria@example.com",
      "login": {
        "username": "redladybug249",
        "password": "point",
        "salt": "vmuRFsvM",
        "md5": "9f0b62b9c2361faeb049ca0a3555d112",
        "sha1": "e21c3adc69450c3bcb3b85af36de8e605fa33a87",
        "sha256": "3a84f283b02222daf028d03f5a3244ef1807d8be6687caa8aa6378ace01f5ff8"
      },
      "dob": "1974-09-09 08:12:41",
      "registered": "2012-06-30 20:06:55",
      "phone": "(343)-439-9927",
      "cell": "(425)-177-5245",
      "id": {
        "name": "BSN",
        "value": "03885961"
      },
      "picture": {
        "large": "https://randomuser.me/api/portraits/women/59.jpg",
        "medium": "https://randomuser.me/api/portraits/med/women/59.jpg",
        "thumbnail": "https://randomuser.me/api/portraits/thumb/women/59.jpg"
      },
      "nat": "NL"
    },
    {
      "gender": "male",
      "name": {
        "title": "mr",
        "first": "lucas",
        "last": "campbell"
      },
      "location": {
        "street": "6797 maple ave",
        "city": "borden",
        "state": "québec",
        "postcode": 17268
      },
      "email": "lucas.campbell@example.com",
      "login": {
        "username": "greentiger796",
        "password": "dolemite",
        "salt": "VSDya6kO",
        "md5": "feea0bee3e50a564ebb2bb9de2871281",
        "sha1": "0305c436998022d5b2c970881202b904817ed727",
        "sha256": "2e2ad610a1253315661ffa2c4512fb396a6141c49eeb9bb1e9fe3bd5fbd620ff"
      },
      "dob": "1962-04-26 21:38:00",
      "registered": "2012-10-07 00:44:34",
      "phone": "937-712-3824",
      "cell": "068-179-6127",
      "id": {
        "name": "",
        "value": null
      },
      "picture": {
        "large": "https://randomuser.me/api/portraits/men/20.jpg",
        "medium": "https://randomuser.me/api/portraits/med/men/20.jpg",
        "thumbnail": "https://randomuser.me/api/portraits/thumb/men/20.jpg"
      },
      "nat": "CA"
    },
    {
      "gender": "male",
      "name": {
        "title": "mr",
        "first": "jonah",
        "last": "seitz"
      },
      "location": {
        "street": "8357 mühlenstraße",
        "city": "hameln",
        "state": "baden-württemberg",
        "postcode": 83665
      },
      "email": "jonah.seitz@example.com",
      "login": {
        "username": "tinypeacock783",
        "password": "ashley",
        "salt": "m8RteWMd",
        "md5": "2a51496607ba950dde12c55f8ecf6c7f",
        "sha1": "c626cbe726e72dbe6f945ee9897532917ce426f8",
        "sha256": "98b18f9223aebb8533f4cf1d58953b12248e2e737e6e03fd7ffc74351f7835bc"
      },
      "dob": "1992-06-21 09:10:54",
      "registered": "2009-10-24 21:53:24",
      "phone": "0004-1222264",
      "cell": "0179-6209704",
      "id": {
        "name": "",
        "value": null
      },
      "picture": {
        "large": "https://randomuser.me/api/portraits/men/88.jpg",
        "medium": "https://randomuser.me/api/portraits/med/men/88.jpg",
        "thumbnail": "https://randomuser.me/api/portraits/thumb/men/88.jpg"
      },
      "nat": "DE"
    },
    {
      "gender": "male",
      "name": {
        "title": "mr",
        "first": "yann",
        "last": "sanchez"
      },
      "location": {
        "street": "3228 rue de l'abbaye",
        "city": "dunkerque",
        "state": "ain",
        "postcode": 91389
      },
      "email": "yann.sanchez@example.com",
      "login": {
        "username": "purplemeercat978",
        "password": "piggy",
        "salt": "cl5AxWVb",
        "md5": "2d1d0744f8a2e3f16c440e932d6ac9bc",
        "sha1": "f7ab669a34f579c855f4e85177ec0fa6e316c25d",
        "sha256": "f41aaede74856f0318d2e419a00c1feaeb0bd3b58637998fb03f0535548ae7ab"
      },
      "dob": "1994-01-09 09:21:04",
      "registered": "2009-05-15 14:30:52",
      "phone": "03-90-31-26-23",
      "cell": "06-37-32-53-49",
      "id": {
        "name": "INSEE",
        "value": "194037458977 57"
      },
      "picture": {
        "large": "https://randomuser.me/api/portraits/men/95.jpg",
        "medium": "https://randomuser.me/api/portraits/med/men/95.jpg",
        "thumbnail": "https://randomuser.me/api/portraits/thumb/men/95.jpg"
      },
      "nat": "FR"
    },
    {
      "gender": "male",
      "name": {
        "title": "mr",
        "first": "مهدي",
        "last": "پارسا"
      },
      "location": {
        "street": "5049 شهید آقاسرمدیان",
        "city": "ملارد",
        "state": "گیلان",
        "postcode": 53402
      },
      "email": "مهدي.پارسا@example.com",
      "login": {
        "username": "silvermeercat916",
        "password": "backdoor",
        "salt": "kGEO0kVP",
        "md5": "91a0b674bfda7a3c06ed061317839d7b",
        "sha1": "8bce19072d51a0065c15f652a8b4c418016c41c4",
        "sha256": "f3e02ac400c4e3707d13d4285933eccc54d48cbff23b9fbfc96bee03235c94e1"
      },
      "dob": "1960-09-01 06:39:46",
      "registered": "2007-02-20 00:08:44",
      "phone": "036-91060208",
      "cell": "0979-750-3283",
      "id": {
        "name": "",
        "value": null
      },
      "picture": {
        "large": "https://randomuser.me/api/portraits/men/5.jpg",
        "medium": "https://randomuser.me/api/portraits/med/men/5.jpg",
        "thumbnail": "https://randomuser.me/api/portraits/thumb/men/5.jpg"
      },
      "nat": "IR"
    },
    {
      "gender": "female",
      "name": {
        "title": "mrs",
        "first": "saskia",
        "last": "stein"
      },
      "location": {
        "street": "9894 schulstraße",
        "city": "sächsische schweiz",
        "state": "berlin",
        "postcode": 26777
      },
      "email": "saskia.stein@example.com",
      "login": {
        "username": "smallmeercat620",
        "password": "melina",
        "salt": "W9AniDhz",
        "md5": "382857e3de340e359641f4f19ef52945",
        "sha1": "bdbf03d72de13adf7088c5d193d16195d2ad3741",
        "sha256": "13202df3bd047c4de14c76f788e47cc2c606b2c7c638bc30498a7e386f243e25"
      },
      "dob": "1975-01-01 09:36:56",
      "registered": "2008-03-03 23:35:33",
      "phone": "0335-7576366",
      "cell": "0172-1966236",
      "id": {
        "name": "",
        "value": null
      },
      "picture": {
        "large": "https://randomuser.me/api/portraits/women/21.jpg",
        "medium": "https://randomuser.me/api/portraits/med/women/21.jpg",
        "thumbnail": "https://randomuser.me/api/portraits/thumb/women/21.jpg"
      },
      "nat": "DE"
    },
    {
      "gender": "male",
      "name": {
        "title": "mr",
        "first": "dean",
        "last": "lane"
      },
      "location": {
        "street": "7140 albert road",
        "city": "cork",
        "state": "westmeath",
        "postcode": 56052
      },
      "email": "dean.lane@example.com",
      "login": {
        "username": "silvermouse936",
        "password": "orchard",
        "salt": "SnMcQoEx",
        "md5": "9c7ae3cdcb1f992b14fe46cd720432ce",
        "sha1": "4f0779857af1a79b5d51c5e944653849b23c1289",
        "sha256": "1b009b3c1f48e54324eeb8a741d5d53aa2fbc99199d7de997d8b09c035bca678"
      },
      "dob": "1980-12-12 22:43:32",
      "registered": "2003-04-11 10:27:20",
      "phone": "071-546-8324",
      "cell": "081-504-9413",
      "id": {
        "name": "PPS",
        "value": "7931163T"
      },
      "picture": {
        "large": "https://randomuser.me/api/portraits/men/57.jpg",
        "medium": "https://randomuser.me/api/portraits/med/men/57.jpg",
        "thumbnail": "https://randomuser.me/api/portraits/thumb/men/57.jpg"
      },
      "nat": "IE"
    }
  ],
  "info": {
    "seed": "593f5211bf669871",
    "results": 20,
    "page": 1,
    "version": "1.1"
  }
}
